ges_id,name,school_type,region,district,courses_offered,contact
343,Abakrampa Senior High/Tech,Senior High Technical School,Central,Abura/Asebu/Kwamankese,"General Arts, Business",
176,Abetifi Presby Senior High,Senior High School,Eastern,Kwahu East,Mr. John Doe,
52,Abomosu STEM Senior High,Senior High School,Eastern,Atiwa West,Mr. John Doe,
558,Abor Senior High,Senior High Technical School,Volta,Keta Municipal,Mr. John Doe,
339,Abrafi Senior High,Senior High School,Bono East,Techiman North,Mr. John Doe,
170,Abuakwa State College,Senior High School,Eastern,Abuakwa South,Mr. John Doe,
342,Aburaman Senior High,Senior High School,Central,Abura/Asebu/Kwamankese,Mr. John Doe,
222,Abutia Senior High/Tchnical,Senior High Technical School,Volta,Ho West,Mr. John Doe,
156,Academy of Christ the King,Senior High School,Central,Cape Coast,Mr. John Doe,
26,Accra Academy,Senior High School,Greater Accra,Accra,Mr. John Doe,
27,Accra Girls Senior High .,Senior High School,Greater Accra,Ayawaso North,Mr. John Doe,
190,Accra Senior High,Senior High Technical School,Greater Accra,Accra,Mr. John Doe,
194,Accra STEM Academy,Senior High School,Greater Accra,Ayawaso West,Mr. John Doe,
410,Accra Wesley Girls High,Senior High School,Greater Accra,Accra,Mr. John Doe,
60,Acherensua Senior High,Senior High School,Ahafo,Asutifi South,Mr. John Doe,
169,Achiase Senior High,Senior High School,Eastern,Achiase,Mr. John Doe,
28,Achimota Senior High,Senior High School,Greater Accra,Okaikwei North,Mr. John Doe,
273,Achinakrom Senior High,Senior High School,Ashanti,Ejisu,Mr. John Doe,
193,Ada Senior High,Senior High School,Greater Accra,Ada East,Mr. John Doe,
614,Adabokrom Comm. SHS,Senior High School,Western North,Bia East,Mr. John Doe,
547,Adaklu Senior High,Senior High Technical School,Volta,Adaklu District,Mr. John Doe,
153,Adankwaman Senior High,Senior High School,Central,Assin South,Mr. John Doe,
282,Adanwomase Senior High,Senior High School,Ashanti,Kwabre East,Mr. John Doe,
406,Adeiso Presby Senior High,Senior High School,Eastern,Upper West Akim,Mr. John Doe,
562,Adidome Senior High,Senior High Technical School,Volta,Central Tongu,Mr. John Doe,
236,Adiembra Senior Hi@,Senior High School,Western,Sekondi Takoradi Metropolitan,Mr. John Doe,
14,Adisadel College,Senior High School,Central,Cape Coast,Mr. John Doe,
419,Adjen Kotoku Senior High,Senior High Technical School,Greater Accra,Ga West,Mr. John Doe,
380,Adjena Senior High/Tech.,Senior High School,Eastern,Asuogyaman,Mr. John Doe,
615,Adjoafua Comm. Senior High,Senior High Technical School,Western North,Bia West,Mr. John Doe,
260,Adobewora Comm. Senior High,Senior High School,Ashanti,Atwima-Mponua,Mr. John Doe,
302,Adu Gyamfi Senior High,Senior High School,Ashanti,Sekyere South,Mr. John Doe,
281,"Adventist Girls Senior High, Ntonso",Senior High School,Ashanti,Kwabre East,Mr. John Doe,
93,"Adventist Senior High, Kumasi",Senior High School,Ashanti,Kumasi,Mr. John Doe,
585,Af£ao Community SHTS,Senior High Technical School,Volta,Ketu South Municipal,Mr. John Doe,
574,Afadjato Senior High/Tech.,Senior High Technical School,Volta,Hohoe Municipal,Mr. John Doe,
577,Afife Senior High Tech.,Senior High School,Volta,Ketu North Municipal,Mr. John Doe,
295,Afigya Senior High/Tech,Senior High Technical School,Ashanti,Afigya-Kwabre North,Mr. John Doe,
77,Afua Kobi Ampem Girls' Senior High,Senior High School,Ashanti,Atwima-Kwanwoma,Mr. John Doe,
217,Agate Comm. Senior High,Senior High School,Volta,Afadzato South,Mr. John Doe,
150,Aggrey Mem. A.M.E.Zion Snr. High,Senior High School,Central,Abura/Asebu/Kwamankese,Mr. John Doe,
256,Agogo State College,Senior High School,Ashanti,Asante-Akim North,Mr. John Doe,
344,Agona Namonwora Comm.Senior High,Senior High Technical School,Central,Agona East,Mr. John Doe,
114,Agona Senior High/Tech,Senior High Technical School,Ashanti,Sekyere South,Mr. John Doe,
278,"Agric Nzema Senior High, Kumasi",Senior High School,Ashanti,Kwadaso,Mr. John Doe,
55,Ahafoman Senior High/Tech,Senior High Technical School,Ahafo,Asunafo North,Mr. John Doe,
471,Ahamansu Islamic SHS,Senior High Technical School,Oti,Kadjebi,Mr. John Doe,
238,Ahantaman Girls' Senior High,Senior High School,Western,Shama,Mr. John Doe,
551,Akatsi Senior High/Tech,Senior High Technical School,Volta,Akatsi South,Mr. John Doe,
392,Akim Asafo Senior High,Senior High School,Eastern,Abuakwa South,Mr. John Doe,
168,Akim Swedru Senior High,Senior High School,Eastern,Birim South,Mr. John Doe,
375,Akokoaso Senior High/Tech,Senior High School,Eastern,Akyemansa,Mr. John Doe,
571,Akome Senior High/Tech.,Senior High Technical School,Volta,Ho West,Mr. John Doe,
420,Akramaman Senior High,Senior High School,Greater Accra,Ga West,Mr. John Doe,
401,Akro Senior High/Tech,Senior High School,Eastern,Lower Manya Krobo,Mr. John Doe,
68,Akrofuom Senior High/Tech,Senior High Technical School,Ashanti,Akrofuom,Mr. John Doe,
385,Akroso Senior High/Tech,Senior High School,Eastern,Asene Manso Akroso,Mr. John Doe,
293,Akumadan Senior High,Senior High School,Ashanti,Offinso North,Mr. John Doe,
149,Akumfi Ameyaw Senior High/Tech.,Senior High Technical School,Bono East,Techiman North,Mr. John Doe,
402,Akuse Methodist Senior High/Tech,Senior High Technical School,Eastern,Lower Manya Krobo,Mr. John Doe,
164,Akwamuman Senior High,Senior High School,Eastern,Asuogyaman,Mr. John Doe,
275,Akwesi Awobaa Senior High/Tech,Senior High Technical School,Ashanti,Ejura/Sekyedumase,Mr. John Doe,
366,Akyin SHS,Senior High Technical School,Central,Ekumfi,Mr. John Doe,
92,"Al-Azariya Islamic Snr. Higi, Kumasi",Senior High School,Ashanti,Kumasi,Mr. John Doe,
287,Amaniampong Senior High,Senior High School,Ashanti,Mampong,Mr. John Doe,
138,Amanten Senior Hi@,Senior High School,Bono East,Atebubu-Amantin,Mr. John Doe,
418,Amasaman Senior High/Tech,Senior High School,Greater Accra,Ga West,Mr. John Doe,
384,AMeaman Senior High,Senior High School,Eastern,Asene Manso Akroso,Mr. John Doe,
240,Amenfiman Senior High,Senior High School,Western,Wassa Amenfi East,Mr. John Doe,
408,Amuana Praso Senior High,Senior High Technical School,Eastern,Birim North,Mr. John Doe,
458,Anbariya Senior High Sch.,Senior High School,Northern,Tamale Metropolitan,Mr. John Doe,
586,Anfoega Senior High,Senior High School,Volta,North Dayi,Mr. John Doe,
89,"Anglican Senior High, Kumasi",Senior High School,Ashanti,Kumasi,Mr. John Doe,
561,Anlo Afiadenyigba Senior High,Senior High School,Volta,Keta Municipal,Mr. John Doe,
560,Anlo Awomefia Senior High,Senior High Technical School,Volta,Keta Municipal,Mr. John Doe,
218,Anlo Senior High,Senior High School,Volta,Keta Municipal,Mr. John Doe,
604,Annor Adjaye Senior High,Senior High School,Western,Jomoro,Mr. John Doe,
284,Antoa Senior High,Senior High School,Ashanti,Kwabre East,Mr. John Doe,
382,Anum Apapam Comm. Day,Senior High Technical School,Eastern,Ayensuano,Mr. John Doe,
259,Anum Asamoah Senior High/Tech,Senior High Technical School,Ashanti,Atwima-Kwanwoma,Mr. John Doe,
378,Anum Presby Senior High,Senior High School,Eastern,Asuogyaman,Mr. John Doe,
393,Apedwa Presby Senior High,Senior High School,Eastern,Fanteakwa South,Mr. John Doe,
379,Apeguso Senior High,Senior High Technical School,Eastern,Asuogyaman,Mr. John Doe,
388,Aperade Senior High/Tech.,Senior High Technical School,Eastern,Achiase,Mr. John Doe,
46,Archbishop Porter Girls Snr.High .,Senior High School,Western,Sekondi Takoradi Metropolitan,Mr. John Doe,
96,"Armed Forces Senior High/Tech, Kumasi",Senior High Technical School,Ashanti,Kumasi,Mr. John Doe,
189,Asamankese Senior High,Senior High School,Eastern,West Akim,Mr. John Doe,
612,Asankrangwa Senior High,Senior High Technical School,Western,Wassa Amenfi East,Mr. John Doe,
598,Asankrangwa Senior High/Tech,Senior High School,Western,Wassa Amenfi East,Mr. John Doe,
98,Asanteman Senior High,Senior High School,Ashanti,Kumasi,Mr. John Doe,
67,Asare Bediako Senior High .,Senior High School,Ashanti,Adansi North,Mr. John Doe,
404,Asesewa Senior High/Tech,Senior High School,Eastern,Upper Manya Krobo,Mr. John Doe,
351,Assin Manso Senior High,Senior High Technical School,Central,Assin South,Mr. John Doe,
349,Assin North Senior High/Tech,Senior High Technical School,Central,Assin North,Mr. John Doe,
350,Assin Nsuta SHS,Senior High School,Central,Assin South,Mr. John Doe,
346,Assin State College,Senior High School,Central,Assin North,Mr. John Doe,
475,Asukawkaw Senior High,Senior High School,Oti,Krachi East,Mr. John Doe,
397,Asuom Senior High,Senior High School,Eastern,Kwaebibirem,Mr. John Doe,
292,Asuoso Comm. Senior High,Senior High School,Ashanti,Offinso North,Mr. John Doe,
575,Atavanyo Senior High7Tech.,Senior High School,Volta,Hohoe Municipal,Mr. John Doe,
327,Atebubu Senior High,Senior High School,Bono East,Atebubu-Amantin,Mr. John Doe,
554,Atiavi Senior High/Tech,Senior High School,Volta,Keta Municipal,Mr. John Doe,
167,Attafuah Senior High/Tech,Senior High Technical School,Eastern,Birim Central,Mr. John Doe,
569,Avatime Senior High,Senior High Technical School,Volta,Ho West,Mr. John Doe,
552,Ave Senior High,Senior High School,Volta,Akatsi North,Mr. John Doe,
553,Avenor Senior High,Senior High Technical School,Volta,Akatsi South,Mr. John Doe,
592,Aveyime Battor Senior High/Tech.,Senior High School,Volta,North Tongu,Mr. John Doe,
54,Awaso STEM Senior High,Senior High School,Western North,Bibiani Anhwiaso Bekwai,Mr. John Doe,
515,Awe Senior High/Tech.,Senior High School,Upper East,Kassena-Nankana Municipal,Mr. John Doe,
221,Awudome Senior High .,Senior High School,Volta,Ho Municipal,Mr. John Doe,
353,Awutu Bawjiase Comm. SHS,Senior High School,Central,Awutu Senya East,Mr. John Doe,
154,Awutu Winton Senior High,Senior High School,Central,Awutu Senya West,Mr. John Doe,
606,Axim Girls Senior High,Senior High School,Western,Nzema East Municipal,Mr. John Doe,
364,Ayanfuri Senior High,Senior High School,Central,Upper Denkyira West,Mr. John Doe,
376,Ayirebi Senior High,Senior High School,Eastern,Akyemansa,Mr. John Doe,
525,Azeem-Namoa Senior High/Tech,Senior High School,Upper East,Bongo,Mr. John Doe,
134,Badu Senior High/Tech.,Senior High Technical School,Bono,Tain,Mr. John Doe,
208,Bagto Ridge Senior High/Tech.,Senior High Technical School,Oti,Jasikan,Mr. John Doe,
600,Baidoo Bonso Senior High/Tech,Senior High School,Western,Ahanta West,Mr. John Doe,
487,Bamboi Comm. Senior High,Senior High School,Savannah,Bole,Mr. John Doe,
321,Bandaman Senior High,Senior High School,Bono,Banda,Mr. John Doe,
111,Bankoman Senior High,Senior High School,Ashanti,Sekyere Kumawu,Mr. John Doe,
263,Barekese SHS,Senior High School,Ashanti,Atwima-Nwabiagya North,Mr. John Doe,
337,Bassa Community Senior High,Senior High Technical School,Bono East,Sene East,Mr. John Doe,
589,Battor Senior High,Senior High Technical School,Volta,North Tongu,Mr. John Doe,
211,Bawku Senior High,Senior High School,Upper East,Bawku Municipal,Mr. John Doe,
498,Bawku Senior High/Tech.,Senior High School,Upper East,Bawku Municipal,Mr. John Doe,
65,Bechem Presby Senior High,Senior High School,Ahafo,Tano South,Mr. John Doe,
611,Benso Senior High/Tech,Senior High School,Western,Tarkwa-Nsuaem Municipal,Mr. John Doe,
319,Bepoase SHTS,Senior High Technical School,Ashanti,Sekyere South,Mr. John Doe,
398,Bepong SHS,Senior High School,Eastern,Kwahu South,Mr. John Doe,
241,Bia Senior High/Tech,Senior High Technical School,Western North,Bia West,Mr. John Doe,
467,Biakoye Comm. School,Senior High Technical School,Oti,Biakoye,Mr. John Doe,
617,Bibiani Senior High/Tech.,Senior High School,Western North,Bibiani Anhwiaso Bekwai,Mr. John Doe,
447,Bimbi£la Senior High,Senior High Technical School,Northern,Nanumba North Municipal,Mr. John Doe,
500,Binduri Comm. Day Senior High,Senior High School,Upper East,Binduri,Mr. John Doe,
533,Birifoh Senior High Sch.,Senior High School,Upper West,Lawra Municipal,Mr. John Doe,
45,Bishop Herman College,Senior High School,Volta,Kpando Municipal,Mr. John Doe,
161,Boa-Amponsem Senior High,Senior High School,Central,Upper Denkyira East,Mr. John Doe,
303,Boanim Senior High/ Tech Sch,Senior High Technical School,Ashanti,Sekyere South,Mr. John Doe,
243,Bodi Senior High,Senior High School,Western North,Bodi,Mr. John Doe,
301,Bodomase Senior High/Tech,Senior High Technical School,Ashanti,Sekyere Kumawu,Mr. John Doe,
249,Bodwesango Senior High,Senior High School,Ashanti,Adansi North,Mr. John Doe,
488,Bole Senior High,Senior High School,Savannah,Bole,Mr. John Doe,
503,Bolga Sherigu Comm. Senior High,Senior High Technical School,Upper East,Bolgatanga Municipal,Mr. John Doe,
39,Bolgatanga Senior High,Senior High School,Upper East,Talensi,Mr. John Doe,
235,Bompeh Senior High./Tech,Senior High Technical School,Western,Sekondi Takoradi Metropolitan,Mr. John Doe,
506,Bongo Senior High,Senior High School,Upper East,Bongo,Mr. John Doe,
272,Bonwire Senior High/Tech,Senior High Technical School,Ashanti,Juaben,Mr. John Doe,
603,Bonzo-Kaku Senior High,Senior High Technical School,Western,Ellembelle,Mr. John Doe,
430,Bortianor SHS,Senior High School,Greater Accra,Ga South,Mr. John Doe,
377,Boso Senior High Technical,Senior High Technical School,Eastern,Asuogyaman,Mr. John Doe,
266,Bosome Senior High/Tech.,Senior High Technical School,Ashanti,Bosome Freho,Mr. John Doe,
268,BosomMe Oyoko Comm. Senior High,Senior High School,Ashanti,Bosomtwe,Mr. John Doe,
51,Bosomtwe Girls STEM Senior High,Senior High School,Ashanti,Bosomtwe,Mr. John Doe,
313,Bosomtwe Senior High/Tech,Senior High Technical School,Ashanti,Bosome Freho,Mr. John Doe,
36,Botga Girls Senior High,Senior High School,Upper East,Bolgatanga Municipal,Mr. John Doe,
468,Bowiri Comm. Day Senior High/Tech.,Senior High School,Oti,Biakoye,Mr. John Doe,
210,Bueman Senior High .,Senior High School,Oti,Jasikan,Mr. John Doe,
490,Buipe Senior High,Senior High School,Savannah,Central Gonja,Mr. John Doe,
456,"Business Senior High, Tamafe",Senior High School,Northern,Tamale Metropolitan,Mr. John Doe,
330,Busunya Senior High,Senior High School,Bono East,Nkoranza North,Mr. John Doe,
204,Chemu Senior High/Tech,Senior High Technical School,Greater Accra,Tema Metropolitan,Mr. John Doe,
431,Chereponi Senior High/Tech.,Senior High Technical School,North East,Chereponi,Mr. John Doe,
518,Chiana Senior High,Senior High School,Upper East,Kassena-Nankana West,Mr. John Doe,
131,Chiraa Senior Hi@,Senior High School,Bono,Sunyani West,Mr. John Doe,
616,Chirano Comm. Day School,Senior High School,Western North,Bibiani Anhwiaso Bekwai,Mr. John Doe,
104,"Christ the King Cath., Obuasi",Senior High School,Ashanti,Obuasi,Mr. John Doe,
416,Christian Methodist Senior High,Senior High School,Greater Accra,Ga South,Mr. John Doe,
306,Church Of Christ Senior High,Senior High School,Ashanti,Ejisu,Mr. John Doe,
362,College of Music Senior High,Senior High Technical School,Central,Gomoa West,Mr. John Doe,
596,Dabala Senior High/Tech.,Senior High School,Volta,South Tongu,Mr. John Doe,
233,Daboase Senior High/Tech,Senior High Technical School,Western,Mpohor,Mr. John Doe,
493,Daboya Comm. Day School,Senior High School,Savannah,North Gonja,Mr. John Doe,
300,Dadease Agric Senior High,Senior High School,Ashanti,Sekyere Kumawu,Mr. John Doe,
245,Dadieso Senior High,Senior High School,Western North,Suaman,Mr. John Doe,
527,Daffiamah Senior High,Senior High School,Upper West,Daffiama Bussie Issa,Mr. John Doe,
462,Dagbon State Senior High/Tech,Senior High School,Northern,Yendi Municipal,Mr. John Doe,
496,Damongo Senior High,Senior High Technical School,Savannah,West Gonja,Mr. John Doe,
246,Danso Agyei Senior high technical,Senior High Technical School,Ahafo,Asutifi South,Mr. John Doe,
265,Denyaseman Cath.Senior High,Senior High School,Ashanti,Bekwai,Mr. John Doe,
63,Derma Comm. Day School,Senior High School,Ahafo,Tano South,Mr. John Doe,
609,Diabene Senior High/Tech,Senior High School,Western,Sekondi Takoradi Metropolitan,Mr. John Doe,
121,Diamono Senior High Sch.,Senior High School,Bono,Jaman North,Mr. John Doe,
162,Diaso Senior High,Senior High School,Central,Upper Denkyira West,Mr. John Doe,
473,Dodi-Papase Senior High/Tech,Senior High School,Oti,Kadjebi,Mr. John Doe,
590,Dofor Senior High,Senior High School,Volta,North Tongu,Mr. John Doe,
371,Donkorkrom Agric Senior High,Senior High School,Eastern,Kwahu Afram Plains North,Mr. John Doe,
340,Donkro- Nkwanta SHS,Senior High School,Bono East,Nkoranza South,Mr. John Doe,
116,Dormaa Senior High,Senior High School,Bono,Dormaa Central,Mr. John Doe,
126,Drobo Senior High,Senior High School,Bono,Jaman South,Mr. John Doe,
316,Drobonso SHS,Senior High School,Ashanti,Sekyere Afram Plains,Mr. John Doe,
323,Duadaso No. 1 Senior High/Tech.,Senior High School,Bono,Jaman North,Mr. John Doe,
363,Dunkwa Senior High/Tech,Senior High School,Central,Upper Denkyira East,Mr. John Doe,
106,Dwamena Akenten Senior High,Senior High School,Ashanti,Offinso,Mr. John Doe,
572,Dzo£o Senior High,Senior High School,Volta,Ho West,Mr. John Doe,
578,Dzodze Penyi Senior High,Senior High School,Volta,Ketu North Municipal,Mr. John Doe,
460,E. P. Agric Senior High/Tech.,Senior High School,Northern,Tatale Sanguli,Mr. John Doe,
573,E. P. Senior High,Senior High School,Volta,Hohoe Municipal,Mr. John Doe,
220,E.P.C. Mawuko Girls Senior Hi@,Senior High School,Volta,Ho Municipal,Mr. John Doe,
409,Ebenezer Senior High,Senior High Technical School,Greater Accra,Accra,Mr. John Doe,
299,Effiduase Senior High/Com,Senior High School,Ashanti,Sekyere East,Mr. John Doe,
298,Effiduase Senior High/Tech,Senior High Technical School,Ashanti,Sekyere East,Mr. John Doe,
355,Effutu Senior High/Tech,Senior High Technical School,Central,Cape Coast,Mr. John Doe,
87,Ejisu Senior High/Tech,Senior High Technical School,Ashanti,Ejisu,Mr. John Doe,
271,Ejisuman Senior High,Senior High School,Ashanti,Ejisu,Mr. John Doe,
274,Ejuraman Anglican Senior High,Senior High School,Ashanti,Ejura/Sekyedumase,Mr. John Doe,
159,Ekumfi T. I. Ahmadiiw«SHTS,Senior High Technical School,Central,Ekumfi,Mr. John Doe,
532,Eremon Senior High/Tech.,Senior High Technical School,Upper West,Lawra Municipal,Mr. John Doe,
255,Esaase Bontefufuo Snr. High/Tech.,Senior High Technical School,Ashanti,Amansie West,Mr. John Doe,
230,Esiama Senior High/Tech,Senior High Technical School,Western,Ellembelle,Mr. John Doe,
358,Fettehman Senior High,Senior High Technical School,Central,Gomoa East,Mr. John Doe,
318,Feyiase SHS,Senior High Technical School,Ashanti,Bosomtwe,Mr. John Doe,
610,Fiaseman Senior High,Senior High School,Western,Tarkwa-Nsuaem Municipal,Mr. John Doe,
50,Fijai Senior High,Senior High School,Western,Sekondi Takoradi Metropolitan,Mr. John Doe,
400,Fodoa Comm. Senior High,Senior High School,Eastern,Kwahu West,Mr. John Doe,
66,Fomena T.I. Ahmadiyya Senior High,Senior High School,Ashanti,Adansi North,Mr. John Doe,
198,"Forces Senior High/Tech, Burma Camp",Senior High Technical School,Greater Accra,La-Dade-Kotopon,Mr. John Doe,
511,Fumbisi Senior High,Senior High School,Upper East,Builsa South,Mr. John Doe,
539,Funsi SHS,Senior High School,Upper West,Wa East,Mr. John Doe,
433,Gambaga Girls Senior High,Senior High Technical School,North East,East Mamprusi,Mr. John Doe,
501,Gambigo Comm. Day Senior High,Senior High School,Upper East,Bolgatanga East,Mr. John Doe,
512,Garu Comm. Day Senior High,Senior High School,Upper East,Garu,Mr. John Doe,
597,Gbekor SHS,Senior High Technical School,Volta,Adaklu District,Mr. John Doe,
442,Gbintiri Senior High/Tech,Senior High School,North East,East Mamprusi,Mr. John Doe,
107,Ghana MusLim Mission Senior High,Senior High School,Ashanti,Sekyere Central,Mr. John Doe,
155,Ghana National College,Senior High School,Central,Cape Coast,Mr. John Doe,
23,"Ghana Senior High, Koforidua",Senior High School,Eastern,New Juaben North,Mr. John Doe,
47,Ghana Senior High/Tech,Senior High Technical School,Western,Sekondi Takoradi Metropolitan,Mr. John Doe,
35,"Ghana SHS, Tamale Metropolitan",Senior High School,Northern,Tamale Metropolitan,Mr. John Doe,
203,Ghanata Senior High,Senior High School,Greater Accra,Shai-Osudoku,Mr. John Doe,
124,Goka Senior High/Tech.,Senior High Technical School,Bono,Jaman North,Mr. John Doe,
359,Gomoa Gyaman Senior High,Senior High Technical School,Central,Gomoa Central,Mr. John Doe,
361,Gomoa Senior High/Tech,Senior High Technical School,Central,Gomoa West,Mr. John Doe,
505,Gowrie Senior High/Tech.,Senior High School,Upper East,Bongo,Mr. John Doe,
147,Guakro Effah Senior High,Senior High School,Bono East,Techiman North,Mr. John Doe,
605,Gwiraman Comm.Senior High,Senior High Technical School,Western,Nzema East Municipal,Mr. John Doe,
286,Gyaama Pensan Senior High/Tech,Senior High Technical School,Ashanti,Kwabre East,Mr. John Doe,
347,Gyaase Community Senior High,Senior High School,Central,Assin North,Mr. John Doe,
59,Gyamfi Kumanini Senior High/Tech,Senior High Technical School,Ahafo,Asutifi North,Mr. John Doe,
333,Gyarko Comm. Day Senior High,Senior High School,Bono East,Techiman,Mr. John Doe,
231,HaLf Assini Senior High,Senior High School,Western,Jomoro,Mr. John Doe,
545,Han Senior High,Senior High Technical School,Upper West,Jirapa Municipal,Mr. John Doe,
326,Hidaayah Islamic SHS,Senior High Technical School,Bono,Jaman South,Mr. John Doe,
15,"Holy Child School, Cape Coast",Senior High School,Central,Cape Coast,Mr. John Doe,
538,Holy Family Senior High,Senior High School,Upper West,Lambussie Karni,Mr. John Doe,
412,Holy Trinity Senior High,Senior High Technical School,Greater Accra,Accra,Mr. John Doe,
61,Hwidiem Senior High,Senior High School,Ahafo,Asutifi South,Mr. John Doe,
314,Ibadur Rahman Academy,Senior High School,Ashanti,Asokore-Mampong,Mr. John Doe,
187,"Islamic Girls Senior High,Suhum",Senior High School,Eastern,Suhum,Mr. John Doe,
451,"Islamic Science Senior High, Tamafe",Senior High School,Northern,Sagnarigu Municipal,Mr. John Doe,
541,"Islamic Senior High, Wa",Senior High School,Upper West,Wa Municipal,Mr. John Doe,
311,J. A. Kufuor Senior High,Senior High School,Ashanti,Kumasi,Mr. John Doe,
320,J.A. Kufour Stem Technical School,Senior High School,Ashanti,Atwima-Nwabiagya North,Mr. John Doe,
357,J.E.A. Mills Senior High,Senior High School,Central,Ekumfi,Mr. John Doe,
85,Jachie Pramso Senior High,Senior High School,Ashanti,Bosomtwe,Mr. John Doe,
71,Jacobu Senior High/Tech.,Senior High Technical School,Ashanti,Amansie Central,Mr. John Doe,
544,Jamiat Al-Hidaya Islamic Girls,Senior High School,Upper West,Wa Municipal,Mr. John Doe,
437,Janga Senior High/Tech,Senior High School,North East,West Mamprusi,Mr. John Doe,
139,Jema Senior High,Senior High School,Bono East,Kintampo South,Mr. John Doe,
550,Jim Bourton Mem Agric. Senior High,Senior High School,Volta,Afadzato South,Mr. John Doe,
528,Jirapa Senior High,Senior High School,Upper West,Jirapa Municipal,Mr. John Doe,
86,Juaben Senior High,Senior High School,Ashanti,Juaben,Mr. John Doe,
244,Juaboso Senior High,Senior High School,Western North,Juaboso,Mr. John Doe,
305,Jubilee Senior High,Senior High School,Ashanti,Asante-Akim South,Mr. John Doe,
175,Kade Senior High/Tech.,Senior High Technical School,Eastern,Kwaebibirem,Mr. John Doe,
472,Kadjebi-Asato Senior High,Senior High Technical School,Oti,Kadjebi,Mr. John Doe,
534,Kafeo Senior High/Tech,Senior High School,Upper West,Nadowli-Kaleo,Mr. John Doe,
143,Kajaji Senior High,Senior High School,Bono East,Sene East,Mr. John Doe,
207,Kalpohin Senior High,Senior High School,Northern,Sagnarigu Municipal,Mr. John Doe,
413,Kaneshie Senior High/Tech.,Senior High School,Greater Accra,Accra,Mr. John Doe,
510,Kanjarga Comm. Senior High,Senior High Technical School,Upper East,Builsa South,Mr. John Doe,
444,Karaga Senior High,Senior High School,Northern,Karaga,Mr. John Doe,
464,Kasuliyi£i Senior High,Senior High Technical School,Northern,Tolon,Mr. John Doe,
334,Kesse Basahyia SHS,Senior High School,Bono East,Techiman,Mr. John Doe,
559,Keta Business College,Senior High School,Volta,Keta Municipal,Mr. John Doe,
223,Keta Senior High/Tech .,Senior High Technical School,Volta,Keta Municipal,Mr. John Doe,
478,Kete Krachi Senior High/Tech.,Senior High Technical School,Oti,Krachi West,Mr. John Doe,
171,Kibi Senior High/Tech,Senior High Technical School,Eastern,Abuakwa South,Mr. John Doe,
414,Kinbu Senior High/Tech,Senior High School,Greater Accra,Korle-Klottey,Mr. John Doe,
328,Kintampo Senior High,Senior High School,Bono East,Kintampo North,Mr. John Doe,
90,KNUST Senior High,Senior High Technical School,Ashanti,Oforikrom,Mr. John Doe,
537,Ko Senior High,Senior High School,Upper West,Nandom Municipal,Mr. John Doe,
325,Koase Senior High/Tech,Senior High School,Bono,Wenchi,Mr. John Doe,
283,Kofi Adjei Senior High/Tech,Senior High Technical School,Ashanti,Kwabre East,Mr. John Doe,
102,Kofiase Adventist Senior High7Tech.,Senior High School,Ashanti,Mampong,Mr. John Doe,
24,Koforidua Senior High/Tech,Senior High Technical School,Eastern,New Juaben North,Mr. John Doe,
112,Konadu Yiadom Catholic Senior High,Senior High School,Ashanti,Sekyere South,Mr. John Doe,
522,Kongo Senior High,Senior High Technical School,Upper East,Nabdam,Mr. John Doe,
9,Konongo Odumase Senior High .,Senior High School,Ashanti,Asante-Akim Central,Mr. John Doe,
224,Kpando Senior Hi@ .,Senior High School,Volta,Kpando Municipal,Mr. John Doe,
53,Kpasenpke STEM Senior High,Senior High School,North East,West Mamprusi,Mr. John Doe,
480,Kpassa Senior High/Tech,Senior High School,Oti,Nkwanta North,Mr. John Doe,
568,Kpedze Senior High,Senior High Technical School,Volta,Ho West,Mr. John Doe,
593,Kpeve Senior High Tech,Senior High School,Volta,South Dayi,Mr. John Doe,
421,Kpone Comm. Senior High,Senior High School,Greater Accra,Kpone-Katamanso,Mr. John Doe,
383,Kraboa-Coaftar Presby Snr. High/Tech.,Senior High School,Eastern,Ayensuano,Mr. John Doe,
479,Krachi Senior High,Senior High School,Oti,Krachi West,Mr. John Doe,
336,Krobo Comm.Senior High,Senior High School,Bono East,Techiman North,Mr. John Doe,
22,Krobo Girls' Presby Senior High,Senior High School,Eastern,Lower Manya Krobo,Mr. John Doe,
582,Ktikor Senior High/Tech.,Senior High Technical School,Volta,Ketu South Municipal,Mr. John Doe,
57,Kukuom Agric Senior High,Senior High School,Ahafo,Asunafo South,Mr. John Doe,
75,Kumasi Academy,Senior High School,Ashanti,Asokore-Mampong,Mr. John Doe,
94,"Kumasi Girls Senior High,",Senior High School,Ashanti,Kumasi,Mr. John Doe,
4,Kumasi High School,Senior High School,Ashanti,Kumasi,Mr. John Doe,
280,Kumasi Senior High/Tech,Senior High Technical School,Ashanti,Kumasi,Mr. John Doe,
101,Kumasi Wesley Girls High Sch,Senior High School,Ashanti,Kumasi,Mr. John Doe,
445,Kumbungu Senior High,Senior High School,Northern,Kumbungu,Mr. John Doe,
307,Kurofa Methodist Senior High Tech,Senior High School,Ashanti,Asante-Akim South,Mr. John Doe,
499,Kusanaba SHS,Senior High School,Upper East,Bawku West,Mr. John Doe,
415,Kwabenya Comm. Senior High,Senior High School,Greater Accra,Ga East,Mr. John Doe,
141,Kwabre Senior High,Senior High School,Bono East,Nkoranza South,Mr. John Doe,
181,Kwahu Ridge Senior High,Senior High Technical School,Eastern,Kwahu South,Mr. John Doe,
178,Kwahu Tafo Senior High,Senior High School,Eastern,Kwahu East,Mr. John Doe,
331,Kwame Danso Senior High/Tech,Senior High School,Bono East,Sene West,Mr. John Doe,
234,Kwame Nkrumah Senior High,Senior High School,Western,Nzema East Municipal,Mr. John Doe,
345,Kwanyarko Senior High,Senior High School,Central,Agona East,Mr. John Doe,
405,Kwaobaah Nyanoa Comm. Senior High,Senior High School,Eastern,Upper West Akim,Mr. John Doe,
332,Kwarteng Ankomah Senior High,Senior High School,Bono East,Techiman,Mr. John Doe,
482,Kyabobo Girls' School,Senior High School,Oti,Nkwanta South,Mr. John Doe,
365,Kyekyewere Comm. SHS,Senior High School,Central,Upper Denkyira East,Mr. John Doe,
322,"Kyem Amponsah SHS, Fiapre",Senior High Technical School,Bono,Sunyani West,Mr. John Doe,
422,La Presby Senior High,Senior High School,Greater Accra,La-Dade-Kotopon,Mr. John Doe,
197,Labone Senior Hi@,Senior High School,Greater Accra,La-Dade-Kotopon,Mr. John Doe,
531,Lambussie Comm. SHS,Senior High School,Upper West,Lambussie Karni,Mr. John Doe,
439,Langbinsi Senior High/Tech,Senior High School,North East,East Mamprusi,Mr. John Doe,
486,Larabanga Senior High,Senior High School,Savannah,West Gonja,Mr. John Doe,
428,Lashibi Comm. Day,Senior High School,Greater Accra,Tema West,Mr. John Doe,
216,Lassie-Tuofu Senior High,Senior High School,Upper West,Wa West,Mr. John Doe,
41,Lawra Senior High,Senior High School,Upper West,Lawra Municipal,Mr. John Doe,
548,Lekfebi Senior High,Senior High School,Volta,Afadzato South,Mr. John Doe,
540,Loggu Comm. Day School,Senior High Technical School,Upper West,Wa East,Mr. John Doe,
136,lstiquaama Snr. High,Senior High School,Bono,Wenchi,Mr. John Doe,
372,Maame Krobo Comm. Senior High,Senior High Technical School,Eastern,Kwahu Afram Plains South,Mr. John Doe,
69,Mabang Senior High/Tech,Senior High Technical School,Ashanti,Ahafo-Ano North,Mr. John Doe,
219,Mali-Kumasi Senior High/Tech,Senior High Technical School,Volta,Central Tongu,Mr. John Doe,
279,Mancet\ Girls' Senior High/Tech.,Senior High School,Ashanti,Oforikrom,Mr. John Doe,
250,Mankranso Senior High,Senior High School,Ashanti,Ahafo-Ano South West,Mr. John Doe,
118,Mansen Senior Hi@,Senior High School,Bono,Dormaa East,Mr. John Doe,
253,Manso-Adubia Senior High,Senior High School,Ashanti,Amansie South,Mr. John Doe,
254,Mansoman Senior High,Senior High School,Ashanti,Amansie West,Mr. John Doe,
183,Manya Krobo Senior High,Senior High School,Eastern,Lower Manya Krobo,Mr. John Doe,
43,"Mawuli School, Ho",Senior High Technical School,Volta,Ho Municipal,Mr. John Doe,
370,Mem-Chemfre Comm. Senior High,Senior High Technical School,Eastern,Kwahu Afram Plains North,Mr. John Doe,
132,Menji Senior High,Senior High School,Bono,Tain,Mr. John Doe,
591,Mepe St. Kizito Senior High/Tech.,Senior High Technical School,Volta,North Tongu,Mr. John Doe,
607,"Methodist Senior High, Sekondi",Senior High School,Western,Sekondi Takoradi Metropolitan,Mr. John Doe,
16,Mfantsipim School,Senior High Technical School,Central,Cape Coast,Mr. John Doe,
56,Mim Senior High,Senior High School,Ahafo,Asunafo North,Mr. John Doe,
519,Mirigu Community Day Senior High,Senior High Technical School,Upper East,Kassena-Nankana West,Mr. John Doe,
341,Moree Comm. Senior High,Senior High School,Central,Abura/Asebu/Kwamankese,Mr. John Doe,
315,Morso Senior High/Tech,Senior High Technical School,Ashanti,Asante-Akim South,Mr. John Doe,
160,Mozano Senior High,Senior High School,Central,Gomoa West,Mr. John Doe,
485,Mpaha Comm. SHS,Senior High Technical School,Savannah,Central Gonja,Mr. John Doe,
78,Mpasatia Senior High/Tech,Senior High Technical School,Ashanti,Atwima-Mponua,Mr. John Doe,
232,Mpohor Senior Hi@,Senior High School,Western,Mpohor,Mr. John Doe,
180,Mpraeso Senior High,Senior High School,Eastern,Kwahu South,Mr. John Doe,
509,Naab Azanti£ow Senior High/Tech.,Senior High School,Upper East,Builsa North Municipal,Mr. John Doe,
520,Nabango Senior High Tech,Senior High School,Upper East,Kassena-Nankana West,Mr. John Doe,
122,Nafana Senior High,Senior High School,Bono,Jaman North,Mr. John Doe,
432,Naferigu Senior High,Senior High Technical School,North East,East Mamprusi,Mr. John Doe,
291,Namong Senior High/Tech,Senior High Technical School,Ashanti,Offinso,Mr. John Doe,
613,Nana Brentu Senior High/Tech,Senior High Technical School,Western North,Aowin,Mr. John Doe,
42,Nandom Senior High,Senior High School,Upper West,Nandom Municipal,Mr. John Doe,
620,Nanso-Amenfi Comm. Day School,Senior High Technical School,Western North,Suaman,Mr. John Doe,
465,Nanton Senior High/Tech,Senior High School,Northern,Nanton,Mr. John Doe,
441,Nasuan SHS,Senior High School,North East,Yunyoo-Nasuan,Mr. John Doe,
37,Navrongo Senior High,Senior High School,Upper East,Kassena-Nankana Municipal,Mr. John Doe,
477,Nchumuruman Comm. Day Senior High,Senior High School,Oti,Krachi Nchumuru,Mr. John Doe,
497,Ndewura Jakpa Senior High/Tech.,Senior High School,Savannah,West Gonja,Mr. John Doe,
386,New Abirem/Afosu Senior High,Senior High School,Eastern,Birim North,Mr. John Doe,
186,New Juaben Senior High/Com,Senior High School,Eastern,New Juaben South,Mr. John Doe,
338,New Kokrompe Comm. Senior High,Senior High School,Bono East,Atebubu-Amantin,Mr. John Doe,
329,New Longoro Comm.School (Dega),Senior High School,Bono East,Kintampo North,Mr. John Doe,
395,New Nsutam Senior High/Tech,Senior High Technical School,Eastern,Fanteakwa South,Mr. John Doe,
417,Ngleshie Amanfro Senior High,Senior High School,Greater Accra,Ga South,Mr. John Doe,
163,Nifa Senior High,Senior High School,Eastern,Okere,Mr. John Doe,
201,Ningo Senior High,Senior High Technical School,Greater Accra,Ningo-Prampram,Mr. John Doe,
262,Nkawie Senior High/Tech,Senior High Technical School,Ashanti,Atwima-Nwabiagya,Mr. John Doe,
182,Nkawkaw Senior High,Senior High School,Eastern,Kwahu West,Mr. John Doe,
294,Nkenkansu Comty Senior High,Senior High School,Ashanti,Offinso North,Mr. John Doe,
469,Nkonya SHS,Senior High Technical School,Oti,Biakoye,Mr. John Doe,
135,Nkoranman Senior High,Senior High School,Bono,Tain,Mr. John Doe,
142,Nkoranza Senior Hi@/Tech,Senior High Technical School,Bono East,Nkoranza South,Mr. John Doe,
120,Nkrankwanta Senior High/Tech,Senior High Technical School,Bono,Dormaa West,Mr. John Doe,
602,Nkrofuf Agric. Senior High/Tech,Senior High School,Western,Ellembelle,Mr. John Doe,
481,Nkwanta Comm.Senior High/Tech,Senior High School,Oti,Nkwanta South,Mr. John Doe,
484,Nkwanta Senior High,Senior High Technical School,Oti,Nkwanta South,Mr. John Doe,
177,Nkwatia Presby Senior High/Com,Senior High School,Eastern,Kwahu East,Mr. John Doe,
324,Nkyeraa Senior High Sch.,Senior High School,Bono,Wenchi,Mr. John Doe,
452,Northern School of Business,Senior High Technical School,Northern,Sagnarigu Municipal,Mr. John Doe,
543,Northern Star Senior High,Senior High Technical School,Upper West,Wa Municipal,Mr. John Doe,
13,"Notre Dame Girls SHS, Sunyani",Senior High School,Bono,Sunyani West,Mr. John Doe,
38,"Notre Dame Sem/ Senior High, Navrongo",Senior High School,Upper East,Kassena-Nankana Municipal,Mr. John Doe,
152,Nsaba Presby Senior High,Senior High School,Central,Agona East,Mr. John Doe,
133,Nsawkaw Stete Senior High,Senior High School,Bono,Tain,Mr. John Doe,
619,Nsawora Edumafa SHS,Senior High School,Western North,Sefwi Akontombra,Mr. John Doe,
108,Nsutaman Cath. Senior High,Senior High School,Ashanti,Sekyere Central,Mr. John Doe,
483,Ntruboman Senior High,Senior High School,Oti,Nkwanta South,Mr. John Doe,
200,Nungua Senior High,Senior High School,Greater Accra,Krowor,Mr. John Doe,
459,"Nuriya Islamic Senior High, Tamate",Senior High Technical School,Northern,Tamale Metropolitan,Mr. John Doe,
91,"Nuru-Ameen Islamic Senior High, Asewase",Senior High School,Ashanti,Kumasi,Mr. John Doe,
352,Nyankumasi Ahenkro Snr. High,Senior High Technical School,Central,Assin South,Mr. John Doe,
261,Nyinahin Cath. Senior High,Senior High School,Ashanti,Atwima-Mponua,Mr. John Doe,
514,O.L.L. Girls Senior High,Senior High School,Upper East,Kassena-Nankana Municipal,Mr. John Doe,
424,O'Rei£fy Senior High,Senior High School,Greater Accra,Ledzokuku,Mr. John Doe,
348,Obiri Yeboah Senior High/Technica\,Senior High School,Central,Assin Central,Mr. John Doe,
290,Obuasi Senior High/Tech,Senior High Technical School,Ashanti,Obuasi,Mr. John Doe,
166,Oda Senior High,Senior High School,Eastern,Birim Central,Mr. John Doe,
130,Odomaseman Senior High,Senior High School,Bono,Sunyani West,Mr. John Doe,
195,Odorgonno Senior High,Senior High School,Greater Accra,Ga Central,Mr. John Doe,
354,Odupong Comm. Day School,Senior High School,Central,Awutu Senya East,Mr. John Doe,
83,Ofoase Kokoben Senior High,Senior High School,Ashanti,Bekwai,Mr. John Doe,
20,Ofori Panin Senior High,Senior High School,Eastern,Abuakwa North,Mr. John Doe,
356,Oguaa Senior High/Tech,Senior High School,Central,Cape Coast,Mr. John Doe,
367,Ogyeedom Comm.Snr High/Tech,Senior High Technical School,Central,Gomoa Central,Mr. John Doe,
209,Okadjakrom Senior High/Tech.,Senior High Technical School,Oti,Jasikan,Mr. John Doe,
115,Okomfo Anokye Senior High,Senior High School,Ashanti,Sekyere South,Mr. John Doe,
44,"OLA Girls Senior High, Ho",Senior High School,Volta,Ho Municipal,Mr. John Doe,
1,"OLA Girls Senior High, Kenyasi",Senior High School,Ahafo,Asutifi North,Mr. John Doe,
310,Onwe SHS,Senior High School,Ashanti,Ejisu,Mr. John Doe,
288,Opoku Agyeman Senior High/Tech,Senior High Technical School,Ashanti,Mampong,Mr. John Doe,
5,Opoku Ware School,Senior High School,Ashanti,Kumasi,Mr. John Doe,
84,Oppong Nem. Senior High,Senior High School,Ashanti,Bekwai,Mr. John Doe,
269,Osei Adutwum Senior High,Senior High School,Ashanti,Bosomtwe,Mr. John Doe,
140,Osei Bonsu Senior High,Senior High School,Bono East,Nkoranza North,Mr. John Doe,
97,Osei KyereMie Senior High,Senior High School,Ashanti,Kumasi,Mr. John Doe,
79,"Osei Tutu Senior High, Akropong",Senior High School,Ashanti,Atwima-Nwabiagya,Mr. John Doe,
396,Osino Presby Senior High/Tech.,Senior High Technical School,Eastern,Fanteakwa South,Mr. John Doe,
425,Osudoku Senior High/Tech.,Senior High Technical School,Greater Accra,Shai-Osudoku,Mr. John Doe,
476,Oti Senior High/Tech Sch,Senior High School,Oti,Krachi East,Mr. John Doe,
205,Our Lady of Mercy Senior Hi@,Senior High School,Greater Accra,Tema Metropolitan,Mr. John Doe,
145,Our Lady of Mount Carmel Girls Senior High,Senior High School,Bono East,Techiman,Mr. John Doe,
10,Our Lady of Providence Senior High,Senior High School,Bono,Jaman South,Mr. John Doe,
257,Owerriman Senior High/Tech,Senior High Technical School,Ashanti,Asante-Akim North,Mr. John Doe,
521,Paga Senior High,Senior High Technical School,Upper East,Kassena-Nankana West,Mr. John Doe,
258,Parkoso Comm. Senior High,Senior High School,Ashanti,Asokore-Mampong,Mr. John Doe,
226,Peki Senior Hi@,Senior High School,Volta,South Dayi,Mr. John Doe,
594,Peki Senior High/Technical,Senior High School,Volta,South Dayi,Mr. John Doe,
276,"Pentecost Senior High, Kumasi",Senior High School,Ashanti,Kumasi,Mr. John Doe,
184,"Pentecost Senior High,Koforidua",Senior High School,Eastern,New Juaben North,Mr. John Doe,
530,Piina Senior High,Senior High School,Upper West,Lambussie Karni,Mr. John Doe,
453,Pong-Tamafe Senior High,Senior High School,Northern,Savelugu Municipal,Mr. John Doe,
25,"Pope John Snr. High & Nin. Sem., Koforidua",Senior High School,Eastern,New Juaben North,Mr. John Doe,
360,Potsin T.I. Ahm. Senior High,Senior High School,Central,Gomoa East,Mr. John Doe,
202,Prampram Senior High,Senior High School,Greater Accra,Ningo-Prampram,Mr. John Doe,
6,Prempeh College,Senior High School,Ashanti,Kumasi,Mr. John Doe,
390,Presby Boys Model Senior High,Senior High Technical School,Eastern,Denkyembour,Mr. John Doe,
31,"Presby Boys' Senior High, Legon",Senior High School,Greater Accra,La-Nkwantanang-Madina,Mr. John Doe,
312,Presby Girls SHS,Senior High School,Ashanti,Asokwa,Mr. John Doe,
174,"Presby Senior High, Begoro",Senior High School,Eastern,Fanteakwa North,Mr. John Doe,
74,"Presby Senior High, Bompata",Senior High School,Ashanti,Asante-Akim South,Mr. John Doe,
411,"Presby Senior High, Osu",Senior High School,Greater Accra,Korle-Klottey,Mr. John Doe,
403,"Presby Senior High, Suhum",Senior High School,Eastern,Suhum,Mr. John Doe,
455,"Presby Senior High, Tama\e",Senior High School,Northern,Tamale Metropolitan,Mr. John Doe,
427,"Presby Senior High, Tema",Senior High School,Greater Accra,Tema Metropolitan,Mr. John Doe,
423,"Presby Senior High, Teshie",Senior High Technical School,Greater Accra,Ledzokuku,Mr. John Doe,
374,"Presby Senior High/Tech, Adukrom",Senior High Technical School,Eastern,Okere,Mr. John Doe,
296,"Presby Senior High/Tech, Kwamang",Senior High Technical School,Ashanti,Sekyere Central,Mr. John Doe,
304,Prince Of Peace Girls,Senior High School,Ashanti,Kumasi,Mr. John Doe,
526,Pusiga Comm. Day Senior High Sch.,Senior High Technical School,Upper East,Pusiga,Mr. John Doe,
213,"Queen of Peace Senior High, Nadowli",Senior High School,Upper West,Nadowli-Kaleo,Mr. John Doe,
618,"Queens Girls' Senior High, Sefwi Awhiaso",Senior High School,Western North,Bibiani Anhwiaso Bekwai,Mr. John Doe,
127,"S.D.A Senior Hi@, Sunyani",Senior High School,Bono,Sunyani,Mr. John Doe,
185,"S.D.A Senior High, Koforidua",Senior High School,Eastern,New Juaben North,Mr. John Doe,
369,"S.D.A SHS, Gomoa Jukwa",Senior High Technical School,Central,Gomoa Central,Mr. John Doe,
113,"S.D.A. Senior High, Agona",Senior High School,Ashanti,Sekyere South,Mr. John Doe,
81,"S.D.A. Senior High, Bekwai",Senior High School,Ashanti,Bekwai,Mr. John Doe,
381,S.D.A. Senior High. Akim Sekyere,Senior High School,Eastern,Atiwa East,Mr. John Doe,
491,Sa\aga Senior High,Senior High Technical School,Savannah,East Gonja Municipal,Mr. John Doe,
450,Saboba E.P. Senior High,Senior High School,Northern,Saboba,Mr. John Doe,
129,"Sacred Heart Senior High, Nsoatre",Senior High School,Bono,Sunyani West,Mr. John Doe,
492,Safaga T.I. Ahmad Senior High,Senior High Technical School,Savannah,East Gonja Municipal,Mr. John Doe,
76,Sakafia Islamic Senior High,Senior High School,Ashanti,Asokore-Mampong,Mr. John Doe,
438,Sakogu Senior High/Tech,Senior High School,North East,East Mamprusi,Mr. John Doe,
117,Salvation Army Senior High,Senior High School,Bono,Dormaa Central,Mr. John Doe,
391,"Salvation Army Senior High, Akim Wenchi",Senior High School,Eastern,Denkyembour,Mr. John Doe,
64,Samuel Otu Presby Senior High.,Senior High School,Ahafo,Tano South,Mr. John Doe,
508,Sandema Senior High,Senior High School,Upper East,Builsa North Municipal,Mr. John Doe,
446,Sang Comm. Day School,Senior High School,Northern,Mion,Mr. John Doe,
599,Sankor SHS,Senior High School,Western,Ahanta West,Mr. John Doe,
58,Sankore Senior High,Senior High School,Ahafo,Asunafo South,Mr. John Doe,
576,Santa Esther Girls' Senior High,Senior High Technical School,Volta,Hohoe Municipal,Mr. John Doe,
454,Savefugu Senior High,Senior High School,Northern,Savelugu Municipal,Mr. John Doe,
172,"Saviour Senior High, Osiem",Senior High School,Eastern,Abuakwa North,Mr. John Doe,
494,Sawfa Senior High Sch.,Senior High School,Savannah,Sawla-Tuna-Kalba,Mr. John Doe,
48,Sekondi College,Senior High School,Western,Sekondi Takoradi Metropolitan,Mr. John Doe,
88,Sekyedumase Senior High/Tech,Senior High Technical School,Ashanti,Ejura/Sekyedumase,Mr. John Doe,
317,Sekyere Kusi SHS,Senior High School,Ashanti,Sekyere Kumawu,Mr. John Doe,
242,SeMi Bekwai Senior High,Senior High School,Western North,Bibiani Anhwiaso Bekwai,Mr. John Doe,
2,Serwaa Kesse Girls Senior High,Senior High School,Ahafo,Tano North,Mr. John Doe,
95,Serwaah Nyarko Girls' Snr. High,Senior High School,Ashanti,Kumasi,Mr. John Doe,
237,Shama Senior High,Senior High School,Western,Shama,Mr. John Doe,
563,Shia Senior HighTechnical,Senior High Technical School,Volta,Ho Municipal,Mr. John Doe,
285,Simms Senior High/Com.,Senior High School,Ashanti,Kwabre East,Mr. John Doe,
517,Sirigu Senior High,Senior High School,Upper East,Kassena-Nankana West,Mr. John Doe,
228,Sogakofe Senior High,Senior High School,Volta,South Tongu,Mr. John Doe,
564,Sokode Senior High/Tech,Senior High School,Volta,Ho Municipal,Mr. John Doe,
546,Sombo Senior High,Senior High School,Upper West,Nadowli-Kaleo,Mr. John Doe,
583,Some Senior High,Senior High Technical School,Volta,Ketu South Municipal,Mr. John Doe,
309,Spiritan Senior High/Tech,Senior High Technical School,Ashanti,Atwima-Nwabiagya North,Mr. John Doe,
270,St Sebastian Cath. Senior High,Senior High School,Ashanti,Juaben,Mr. John Doe,
125,"St. Ann's Girls Senior High, Sampa",Senior High School,Bono,Jaman North,Mr. John Doe,
489,St. Anthony of Padua Senior High/Tech,Senior High School,Savannah,Bole,Mr. John Doe,
535,"St. Augustine Senior High/Tech, Saan Charikp‹",Senior High School,Upper West,Nadowli-Kaleo,Mr. John Doe,
17,"St. Augustine's College, Cape Coast",Senior High School,Central,Cape Coast,Mr. John Doe,
595,St. Catherine Girls SHS,Senior High School,Volta,South Tongu,Mr. John Doe,
34,"St. Charles Senior High, Tamale Metropolitan",Senior High School,Northern,Tamale Metropolitan,Mr. John Doe,
179,"St. Dominic's Senior High/Tech, Pepease",Senior High Technical School,Eastern,Kwahu East,Mr. John Doe,
373,St. Fidefis Senior High/Tech,Senior High School,Eastern,Kwahu Afram Plains South,Mr. John Doe,
40,"St. Francis Girls Senior High, Jirapa",Senior High School,Upper West,Jirapa Municipal,Mr. John Doe,
335,"St. Francis Seminary Senior High, Buoyem",Senior High Technical School,Bono East,Techiman North,Mr. John Doe,
165,St. Francis Senior High/Tech,Senior High Technical School,Eastern,Birim Central,Mr. John Doe,
267,St. George's Senior High Tech.,Senior High Technical School,Ashanti,Bosomtwe,Mr. John Doe,
368,St. Gregory Catholic SHS,Senior High School,Central,Gomoa East,Mr. John Doe,
99,"St. Hubert Sem/Senior High, Kumasi",Senior High School,Ashanti,Kumasi,Mr. John Doe,
11,"St. James Sem & Senior High, Abesim",Senior High School,Bono,Sunyani,Mr. John Doe,
105,"St. Jerome Senior High, Abofour",Senior High School,Ashanti,Offinso,Mr. John Doe,
196,St. John's Grammar Senior High,Senior High School,Greater Accra,Ga North,Mr. John Doe,
516,St. John's Integrated Snr. High/Tech,Senior High School,Upper East,Kassena-Nankana Municipal,Mr. John Doe,
49,"St. John's Senior High, Sekondi",Senior High School,Western,Sekondi Takoradi Metropolitan,Mr. John Doe,
289,"St. Joseph Sem/Senior High, Mampong",Senior High School,Ashanti,Mampong,Mr. John Doe,
82,"St. Joseph Senior High/Tech, Ahwiren",Senior High Technical School,Ashanti,Bekwai,Mr. John Doe,
3,"St. Louis Senior High, Kumasi",Senior High School,Ashanti,Kumasi,Mr. John Doe,
191,St. Margaret Mary Snr.High/Tech,Senior High Technical School,Greater Accra,Accra,Mr. John Doe,
229,"St. Mary's Boys' Senior High, Apowa",Senior High School,Western,Ahanta West,Mr. John Doe,
72,"St. Mary's Girl's Senior High, Konongo",Senior High School,Ashanti,Asante-Akim Central,Mr. John Doe,
29,"St. Mary's Senior High, Korle Gonno",Senior High School,Greater Accra,Accra,Mr. John Doe,
387,"St. Michael's Senior High, Akoase (Nkawkaw)",Senior High School,Eastern,Birim North,Mr. John Doe,
103,"St. Monica's Senior High, Mampong",Senior High School,Ashanti,Mampong,Mr. John Doe,
399,"St. Paul's Senior High, Asakraka Kwahu",Senior High Technical School,Eastern,Kwahu South,Mr. John Doe,
581,"St. Paul's Senior High, Denu",Senior High Technical School,Volta,Ketu South Municipal,Mr. John Doe,
21,"St. Peter's Senior High, Nkwatia",Senior High School,Eastern,Kwahu East,Mr. John Doe,
19,"St. Rose's Senior High, Akwatia",Senior High School,Eastern,Denkyembour,Mr. John Doe,
394,"St. Stephen's Presby Snr. High/Tech, Asiakwa",Senior High School,Eastern,Abuakwa South,Mr. John Doe,
30,"St. Thomas Aquinas Senior High, Cantoments",Senior High School,Greater Accra,La-Dade-Kotopon,Mr. John Doe,
407,St. Thomas Senior High/Tech,Senior High School,Eastern,West Akim,Mr. John Doe,
188,Suhum Senior High/Tech,Senior High Technical School,Eastern,Suhum,Mr. John Doe,
123,Sumaman Senior Hi@,Senior High School,Bono,Jaman North,Mr. John Doe,
12,Sunyani Senior High,Senior High School,Bono,Sunyani,Mr. John Doe,
151,Swedru Senior High,Senior High School,Central,Agona East,Mr. John Doe,
7,"T. 1. AhmadiwaSenior High , Kumasi",Senior High School,Ashanti,Kumasi,Mr. John Doe,
109,T. I. Ahmadiyya GirL's Senior High,Senior High School,Ashanti,Sekyere East,Mr. John Doe,
214,"T. I. Ahmadiyya Senior High, Wa",Senior High School,Upper West,Wa Municipal,Mr. John Doe,
608,Takoradi Senior High,Senior High School,Western,Effia Kwesimintsim Municipal,Mr. John Doe,
536,Takpo Senior High Sch.,Senior High School,Upper West,Nadowli-Kaleo,Mr. John Doe,
389,Takrowase Comm. Senior High,Senior High Technical School,Eastern,Denkyembour,Mr. John Doe,
33,Tamale Metropolitan Senior High .,Senior High Technical School,Northern,Sagnarigu Municipal,Mr. John Doe,
206,Tamate Girls Senior Hi@,Senior High School,Northern,Tamale Metropolitan,Mr. John Doe,
567,Tanyigbe Senior High,Senior High School,Volta,Ho Municipal,Mr. John Doe,
466,Tapaman Senior High7Tech,Senior High School,Oti,Biakoye,Mr. John Doe,
239,Tarkwa Senior Hi@,Senior High School,Western,Tarkwa-Nsuaem Municipal,Mr. John Doe,
565,Taviefe Senior High,Senior High School,Volta,Ho Municipal,Mr. John Doe,
100,Tawheed Senior High.,Senior High School,Ashanti,Asokore-Mampong,Mr. John Doe,
144,Techiman Senior High,Senior High School,Bono East,Techiman,Mr. John Doe,
429,Tema Manhean Senior High7Tech,Senior High Technical School,Greater Accra,Tema Metropolitan,Mr. John Doe,
426,Tema Meth. Day Senior High,Senior High Technical School,Greater Accra,Tema Metropolitan,Mr. John Doe,
32,Tema Senior High,Senior High School,Greater Accra,Tema West,Mr. John Doe,
513,Tempane Senior High,Senior High School,Upper East,Tempane,Mr. John Doe,
70,Tepa Senior High,Senior High School,Ashanti,Ahafo-Ano North,Mr. John Doe,
248,Terchire Senior High,Senior High School,Ahafo,Tano North,Mr. John Doe,
584,Three Town Senior High,Senior High School,Volta,Ketu South Municipal,Mr. John Doe,
297,Tijjaniya Senior High,Senior High School,Ashanti,Sekyere East,Mr. John Doe,
461,To\on Senior High,Senior High School,Northern,Tolon,Mr. John Doe,
80,Toase Senior High,Senior High School,Ashanti,Atwima-Nwabiagya,Mr. John Doe,
523,Tongo Senior High/Tech,Senior High School,Upper East,Talensi,Mr. John Doe,
227,Tongor Senior Hi@ Tech.,Senior High Technical School,Volta,South Dayi,Mr. John Doe,
556,Tsiame Senior High,Senior High School,Volta,Keta Municipal,Mr. John Doe,
570,Tsito Senior High/Tech,Senior High School,Volta,Ho West,Mr. John Doe,
495,Tuna Senior High/Tech.,Senior High School,Savannah,Sawla-Tuna-Kalba,Mr. John Doe,
148,Tuobodom Senior High/Tech,Senior High Technical School,Bono East,Techiman North,Mr. John Doe,
252,Tweapease SHS,Senior High School,Ashanti,Amansie Central,Mr. John Doe,
128,Twene Amanfo Senior High/Tech.,Senior High Technical School,Bono,Sunyani,Mr. John Doe,
110,Tweneboa Kodua Senior High,Senior High School,Ashanti,Sekyere Kumawu,Mr. John Doe,
247,Twereku Ampem SHS,Senior High School,Ahafo,Asutifi North,Mr. John Doe,
529,Ulfo Senior High,Senior High School,Upper West,Jirapa Municipal,Mr. John Doe,
157,University Practice Senior High,Senior High School,Central,Cape Coast,Mr. John Doe,
601,Uthman Bin Allan Islamic SHS,Senior High Technical School,Western,Ellembelle,Mr. John Doe,
277,"Uthmaniya Senior High, Tafo",Senior High School,Ashanti,Kumasi,Mr. John Doe,
225,Vakpo Senior High,Senior High School,Volta,North Dayi,Mr. John Doe,
587,Vakpo Senior High/Tech,Senior High Technical School,Volta,North Dayi,Mr. John Doe,
549,Ve Comm. Senior High,Senior High Technical School,Volta,Afadzato South,Mr. John Doe,
457,Vitting Senior High/Tech.,Senior High Technical School,Northern,Tamale Metropolitan,Mr. John Doe,
588,Vo\o Comm. Senior High,Senior High School,Volta,North Tongu,Mr. John Doe,
555,Vofta SHS,Senior High School,Volta,Keta Municipal,Mr. John Doe,
173,"W.B.M. Zion Senior High, Old Tafo",Senior High School,Eastern,Abuakwa North,Mr. John Doe,
215,Wa Senior High .,Senior High School,Upper West,Wa Municipal,Mr. John Doe,
542,Wa Senior High/Tech.,Senior High School,Upper West,Wa Municipal,Mr. John Doe,
436,Walewate Senior High,Senior High School,North East,West Mamprusi,Mr. John Doe,
119,Wamanafo Senior High/Tech,Senior High Technical School,Bono,Dormaa East,Mr. John Doe,
449,Wapuli Comm. Senior High,Senior High School,Northern,Saboba,Mr. John Doe,
137,Wenchi Meth. Senior Hi@,Senior High School,Bono,Wenchi,Mr. John Doe,
18,"Wesley Girls' High School, Cape Coast",Senior High School,Central,Cape Coast,Mr. John Doe,
192,Wesley Grammar School,Senior High School,Greater Accra,Ablekuma North,Mr. John Doe,
264,"Wesley High School, Bekwai",Senior High School,Ashanti,Bekwai,Mr. John Doe,
73,"Wesley Senior High, Konongo .",Senior High School,Ashanti,Asante-Akim Central,Mr. John Doe,
199,West Africa Senior High,Senior High School,Greater Accra,La-Nkwantanang-Madina,Mr. John Doe,
580,Weta Senior High/Tech.,Senior High Technical School,Volta,Ketu North Municipal,Mr. John Doe,
308,Wiafe Akenten Presby Senior High,Senior High School,Ashanti,Offinso North,Mr. John Doe,
524,Wiaga Comm. Senior High,Senior High School,Upper East,Builsa North Municipal,Mr. John Doe,
158,Winneba Senior High,Senior High School,Central,Effutu,Mr. John Doe,
251,WIOSO SHS,Senior High School,Ashanti,Ahafo-Ano South West,Mr. John Doe,
470,Worawora Senior High,Senior High School,Oti,Biakoye,Mr. John Doe,
579,Wovenu Senior High Technical,Senior High School,Volta,Ketu North Municipal,Mr. John Doe,
435,Wulugu Senior High,Senior High School,North East,West Mamprusi,Mr. John Doe,
448,Wutensi Senior High,Senior High School,Northern,Nanumba South,Mr. John Doe,
8,Yaa Asantewaa Girls Senior High .,Senior High School,Ashanti,Kumasi,Mr. John Doe,
474,Yabram Comm. Day School,Senior High School,Oti,Krachi East,Mr. John Doe,
434,Yagaba SHS,Senior High School,North East,Mamprugu Moagduri,Mr. John Doe,
62,Yamfo Anglican SHS,Senior High School,Ahafo,Tano North,Mr. John Doe,
146,Yeboah Asuamah Senior High,Senior High School,Bono East,Techiman,Mr. John Doe,
443,Yizesi SHS,Senior High School,North East,Mamprugu Moagduri,Mr. John Doe,
440,Yunyoo SHS,Senior High School,North East,Yunyoo-Nasuan,Mr. John Doe,
463,Zabzugu Senior High,Senior High School,Northern,Zabzugu,Mr. John Doe,
504,Zamse Senior High/Tech,Senior High School,Upper East,Bolgatanga Municipal,Mr. John Doe,
212,Zebilla Senior High/Tech,Senior High Technical School,Upper East,Bawku West,Mr. John Doe,
566,Ziavi Senior High/Tech,Senior High Technical School,Volta,Ho Municipal,Mr. John Doe,
557,Zion Senior High,Senior High Technical School,Volta,Keta Municipal,Mr. John Doe,
507,Zorkor Senior High,Senior High Technical School,Upper East,Bongo,Mr. John Doe,
502,Zuarungu Senior High,Senior High Technical School,Upper East,Bolgatanga East,Mr. John Doe,
